case	output_sha256	coefficient_sha256
copy	75caecc607443679a4beccd0e343f3b94b022d23ab8f4cff47396233f052953a	no-filter
empty	8cd60fc898b1f77526e807579733e90be64bbe683f8ac5629c89ee74d5a16c10	c910a5f3e969ecca112fb3919d731d438368bc796d578ec36fd635e111f81e3b
one	ba584a378b11d9e9c98736fd8c256fe1453a84ee4139416d24b07acff424f0fb	0cc15dc3d43553089767ccf449b0876a3d7c2211facdc86d9989fa22e1dfc3f2
one-up	d4a87f09ae446b271e1ab4c42c0213c131295eefd234db5a76caebab3c831dd6	c910a5f3e969ecca112fb3919d731d438368bc796d578ec36fd635e111f81e3b
fast	1b694c7dbd0a5a9faa7e7d1a6e53d74b902c798eae475d6edc6e3e21166e25df	c910a5f3e969ecca112fb3919d731d438368bc796d578ec36fd635e111f81e3b
sane	e6fd4cf902d4bb01b438cff5d8024118e5a0b97974a783bb26db5c19dd80fffa	fc75d1b5de432443dbf2695a2dc72d242507bc5fef89562b71cf2ebadc2dc73a
high	4d647bcd3347fd2acf770d6cbe1eb8d79abc7a33da167931e31c76980c5bd0bd	0be322382e10c6ae17430e52b4b09e830a661c968a7c8312979fdb571f98a226
absurd	ef55aa00822c1d9e6fb6217e294191db62aa3f0446f69c6e763e852352a408ab	2efe4e30db76e3d594c798a784dd28e0dc7b981a1ba14ba700ace0a884636b8e
pointless	85d24408b0ed6412deb3f97a95515012a4d2281522a4097511584b03173c420b	8144b07c69806f05805406311976ae41e82dee7b6f5d198b00ff2bf66ec53405
until	9147ba55485bccd373bfc522d546674910d0276c6abd23678412b2d424ba2793	70a22de17e9b06ce9702d0b4441ea72c9f95c749c8ea118793c672dc09967b2a
wide-chain	983fa5316d91bf5a97a9b863d7e8dde81295cea8a95975c376575d379ef74e18	c910a5f3e969ecca112fb3919d731d438368bc796d578ec36fd635e111f81e3b
refined	f8fbe5580bd3e991458fef334b7fefd0b73db0cbd7477c52aad13909ec2b47f8	b5c37900c1c1e7b9799c05068d52f45018d1890e5bf53cea974bb3dc658fcbdd
tagged-wav	fb8df5fbd52463fdb9e4a8db0c37ccc6a898aaf2a481022375a849e60fb9fda7	0be322382e10c6ae17430e52b4b09e830a661c968a7c8312979fdb571f98a226
tagged-aiff	59c2c9661d1e5896b0ce1986a21e2672b97e67d79b973fad12b40736bac7692d	0be322382e10c6ae17430e52b4b09e830a661c968a7c8312979fdb571f98a226
tagged-flac	8879aec291933669dd8b2272df621aad02c54c22f5f6b1584daca6bd5462adbc	0be322382e10c6ae17430e52b4b09e830a661c968a7c8312979fdb571f98a226
