copy	75caecc607443679a4beccd0e343f3b94b022d23ab8f4cff47396233f052953a	no-filter
empty	8cd60fc898b1f77526e807579733e90be64bbe683f8ac5629c89ee74d5a16c10	c910a5f3e969ecca112fb3919d731d438368bc796d578ec36fd635e111f81e3b
one	ba584a378b11d9e9c98736fd8c256fe1453a84ee4139416d24b07acff424f0fb	0cc15dc3d43553089767ccf449b0876a3d7c2211facdc86d9989fa22e1dfc3f2
one-up	d4a87f09ae446b271e1ab4c42c0213c131295eefd234db5a76caebab3c831dd6	c910a5f3e969ecca112fb3919d731d438368bc796d578ec36fd635e111f81e3b
fast	1b694c7dbd0a5a9faa7e7d1a6e53d74b902c798eae475d6edc6e3e21166e25df	c910a5f3e969ecca112fb3919d731d438368bc796d578ec36fd635e111f81e3b
sane	99e08e37635e66759b5d5076808d4654357ff5d5664cbdd424e91d0cbbde5730	ee56e04e85c075e850b363727d1b7b8c8f93ea954abeb8f4bf9170e45407650e
high	957794d17fa9b91db6bcb626641110060f3edea5badc7a31258d514eed84017e	945e7a4c66d3148deafd48221bde74b4bf0ae765b86cdd30da0a547ace4a69bf
absurd	b40869837c833c4723d4de27380e200349a0b4c77c6910985454bb2c4e856587	0a817eb4728f4ccfe322e3ba34269b787ffc5ad8613d49db09e9d398b95540a2
pointless	395013d74779d1440ed85c358dcb5f38fdb233363cd83372b171dcb5d5ddd124	8a992539c36f920b544520a1614624440fb15cfa6c4e7efba572287b369a79ba
wide-chain	983fa5316d91bf5a97a9b863d7e8dde81295cea8a95975c376575d379ef74e18	c910a5f3e969ecca112fb3919d731d438368bc796d578ec36fd635e111f81e3b
refined	f8fbe5580bd3e991458fef334b7fefd0b73db0cbd7477c52aad13909ec2b47f8	b5c37900c1c1e7b9799c05068d52f45018d1890e5bf53cea974bb3dc658fcbdd
tagged-wav	41c4405a6c522f3f483c1908078b5019042cbaf558d7d5092be0b8164a82ba53	945e7a4c66d3148deafd48221bde74b4bf0ae765b86cdd30da0a547ace4a69bf
tagged-aiff	9b417da16426d69cbc5b40651caf0bc4347349e587cc9c830d711675a485bec6	945e7a4c66d3148deafd48221bde74b4bf0ae765b86cdd30da0a547ace4a69bf
tagged-flac	6f450117e9f4f24030f5ca96bb37127fe6bf1a30fffafd9a6d04d70bcf30574f	945e7a4c66d3148deafd48221bde74b4bf0ae765b86cdd30da0a547ace4a69bf
certified-native	d2f7b44010aa08a0767c8070af16e9d34d9fb32bd071f0e7ccc8515b97623599	bcb7e7fa2b7828159e0a18a7101fae8565fe4f606d75690e103c422ea1ffe80c
certified-high	0fae11b254c2b7e3f56b46ad40eff356537f979f8fcac21ee213681c9419630b	da8c515195d1feca0a25a62f2beda70ae139221949c89c44dfa8876032e85b10
certified-amplified	8c85464286554f6e55a8ecb536f1fbd5c145c81e3ee15bff4a305a482d7788e9	527fa83fc0777f3f04afc1e32023b26883acdb3c5a2535e2a6da1995bf0dbf49
harmonic-until-up2	05dc605d8b9f80c256658787d4449a60cc0189106332b0668adf042f23642e0d	dd6513d34d55bd899b7b08870ea5e4b3af22ec1a67be29a5bc6548e1fd6ee227
window-hann	4f3a64111d4a9caebfb2517d2b30d8f15e779189d1dfb95442f5fbf6f6306e57	ff8c850a6db0a0fc019b561cc73d68305bcae47b1150576ebe726417f196b9de
window-blackman-amplified	5af77bfdaf165fca10d6462d6784129e36a08cdc92ca47efe1599460b2980963	8914e619ebec887946763ef1fc4a2518cd677e57aa54b32d668404b92969ef5a
window-dolph-high	ff16727eb2714bffbd598bea7a4838fdf5e8c833d6ff18b95332c0305edd50aa	890a34261fdd2874a89c794174534ee240039db3592ab83200b1cbea56d98d8d
window-dolph-fractional	da94c917630ba76127173c7a3d95385a5f3872b7ed7e6f8e8b5286fa8d020566	73b38c1d216720bac766179a4afd308174cb062c5a5434a5dc50b59642bcf58e
