entry	payload_file_sha256
optimized-big-0720207df851db670a0a298b2e7c8d7a46b50a44ede5dfa7d964ff6a7d6af766.sexfir	c4c970d171f1c5cdf2638448139892c44004d0abef9699ffb2a35663fa5e3733
optimized-big-09d41c3f788f5ebbe76b3e6601bc85d369fe96ccdd4461dd93a023746e69955e.sexfir	636d298f05d5400a30a35fe0a80ca2c75f8f04690e57ebb2c39b14df3b382c9d
optimized-big-1c40a040ce8e3de08a02f42c279683c2d0e2c2d89b212bf7aa66ccc9fb6dc815.sexfir	28125a9d9f9bf4274e6168a6bdd6aa2eb3d2cf70c57e9990e58ab3827a0fbfdc
optimized-big-25ac85f0b28bafdb64c119334e35b856def7b20089ebf090433951c222f8da37.sexfir	e122915e58b4cccdb24027d348088dc039bc0d2f7f77e51b9cd230eef938f772
optimized-big-2818a034448e5f58da5c6d619b3f424953654a75481d556e86ee83d26cc1bcb7.sexfir	6c13d93265b5dc10b32ca22fef2a79a5f99bff9f2bf3d7713351fe0b6464c104
optimized-big-3df424ec23e0149099a94bf06b2d89628cfed54ebe115ca9d0326fe64e295029.sexfir	24c4509c753e17ee915bb5ee19df1a7b056bb5d6665af0cbed989bfbe8b990ff
optimized-big-4185847fac3a887072f0972a31b58005d73dbc08e64db6c89f623da691d8ef4d.sexfir	e9c5e0ce63e65258ef8562eb4caaa48f2a1458d4f57a97509ad2e379559e79a5
optimized-big-545ff44960a4b0c1811712dc4faa912d17482613b06a2e2c3dbca3d8fe0b58a9.sexfir	1a5d5e25c2602bd8c7d2f4ea8df83598a276e5ccc34cf1cf76f17152bbef3b6b
optimized-big-5d8051c5bc98b51c4bb829be441d4f91bf8692072cef0b9a20acc847c6c39bfd.sexfir	db064a4921647d3220052b1e08219a6e4b2b0bfefe4b3e02f53eddfbbfd11626
optimized-big-66f03cce33a90d992f3168162ef275542d593e6cf915c62c051eec8efde84ea7.sexfir	5da302917179a996f9f969c6dde15dcd52fb95ce36c692241605bd72935201ed
optimized-big-66f1970cc116a88d8d2af87877e82e84dfb2ee7ee87069de5095e5feb4e2713b.sexfir	257b235dfcf7297b451e955373f3d3928f1652f5a5d0f30f5c7efc61a7f248f7
optimized-big-6726f0435890f53a1d150c675759a13478ab1623a744ae96b79ae03a37b7b198.sexfir	05ef98196a0f898bbb4058bc5e66e4f250804f642cf907485fda9e868a1b4fe0
optimized-big-8a89dc41b100190118a5a333f7b61b56721d93a8b9212b7b76fd17037f19205f.sexfir	4baa45b487d1f0cbea9b2a24c2b287450cbf7041a8e375009b1a219ea851c4bd
optimized-big-c0beab956bd5d54102456fa7049b59512bd9a53d33a7dcd867fce0967b49e82c.sexfir	0ef815a3a717b5daa93a9cf0a6878b6aed90bc55547da672897ff2b508bc15b9
optimized-big-f284b32bf1be664a8ac3bdc898a62d416f6846e9911320155117b928fe468c56.sexfir	65782ca4da5931c758a462933648a7542f615d4e44029f615440b8fb9faea304
