case	coefficient_sha256
global-ls-C62	6b46f5b1f682809d2d20826ea72562a3268bf07f698c4f3c52653c1a8f798692
global-ls-C96	62500620b9983868e9f6491bb9aa1e223043b398763aab609bf3514de4c88ac1
global-ls-C4096	22d92e1f2098a035109c9d4b35828d30e060dc16e0452e61e2cc15f3225ce4a2
global-ls-qualified-C96	63e6ef27c8fd6c67c9d5c6f7bd53e42e6c9ea7b9defbf41b13bcb50a67996a5e
global-ls-refined-C24	e474d6e9a53d1c80e25c0e09d5d3db1456033c7a0ce36cb160a65ffb569a849b
equiripple-C62	16b179f1055fb0def07063457c2b9a7612bfe4fd672ae0fed5396f2ef3d074cb
equiripple-C96	cc71ccf8c92923de0812c80c4013958c2149d7aa38d31f954c59560de2bbcd05
equiripple-C4096	7f14373026662d79a20e46d7863952e38e8409733bbe6fb79da428b1720019a4
equiripple-qualified-C96	acc7097640ae6da4975cca0bd4fba496ba3394845650a50278600192a210ba4b
equiripple-refined-C24	23d1c5c2d7b5738ac18882a379841613e834192b71836ca6596617d9b30724f9
global-ls-fast-geometry-80dB-C96	bd71b2331f19d38d0cc11701faa4e67d8f5d07b4b80cf45f74f77d3129b1d2d0
