case	coefficient_sha256	integer_stream_line_sha256
global-ls-C62	6b46f5b1f682809d2d20826ea72562a3268bf07f698c4f3c52653c1a8f798692	fe3d7e16ff8c34796fc04e4fadefc01d5410cf4c8d79a8c7ece25764a6d3e36d
global-ls-C96	62500620b9983868e9f6491bb9aa1e223043b398763aab609bf3514de4c88ac1	6efce2c45ad4ef421a9e0bd0deaf4bff710cda98276442d5b41387873d90aa7f
global-ls-C4096	22d92e1f2098a035109c9d4b35828d30e060dc16e0452e61e2cc15f3225ce4a2	877170d9ce9a5a669b0bd0f9f66d31ffe2440d4eef22f63fdd8e903d625af8d9
global-ls-qualified-C96	63e6ef27c8fd6c67c9d5c6f7bd53e42e6c9ea7b9defbf41b13bcb50a67996a5e	88e643b433b615853496f6adf9c06c5e10291357e5246dffad0427cd64c4af81
global-ls-refined-C24	e474d6e9a53d1c80e25c0e09d5d3db1456033c7a0ce36cb160a65ffb569a849b	560072ed597b4cc4c21dc7e09cdcba2d2716af936e0d9b4dd80d8bded4e18166
equiripple-C62	212e5edaba55e1a4b371269605394d2570e0cce143527ea58e20f9d73ff5c0fc	40416a4c5323d8104ec92f0af52b3bc0c805745a776a38fc4ab50cc4afad18c8
equiripple-C96	1f1e92021c09cef3eb04530eea92650c970bfe467940cbc09a69f576956de7bc	595f678353be2dc5cb1294e62acae1e0902eee44eac05d31b432e1a335d21aa7
equiripple-C4096	dfab1bcb0d7b4573684f1af5d7341db789706d6f62f1f8f78f507da8c1df5f12	77ead83dff68dee18ec5fe3ae54f603f46bbb993b80e9e7b537044aa10b167d9
equiripple-qualified-C96	32b93fb25233af1b85c59dfb061c9edb9c8fbe5d33e457196496e7b8db53b23f	ac1bdfbb0c2eb0ea9b62951fbf889634c185cfd5dd78a1a0941bc769ba38a1f4
equiripple-refined-C24	b298e2341852436c065c7e01326c4be45319ddc58709fc2f1b43b69700cd9701	2bc965ba7f63e077fe7edf66aad9990e498ce6538119b3ef4ca5d67dbabc74f4
global-ls-fast-geometry-80dB-C96	bd71b2331f19d38d0cc11701faa4e67d8f5d07b4b80cf45f74f77d3129b1d2d0	2000b7937b44f3857f3b7e4b85c91d4b28a5d68c2020569af6c32c5292f357ec
equiripple-fast-geometry-80dB-C96-P160	3cdb194adbef380679a240ea15db899bc8eaf4a27396b3bcb887ce13aab610df	994634ad0a186899d370f19250ab6ab8fdb4b4390484fbdf11c5a59f3fac3c9b
equiripple-fast-geometry-80dB-C96-P512	84c7fc7cbb85ac5cb36c746b64c9c3412f9b28e2eec15c68aa3c3670ca45990c	994634ad0a186899d370f19250ab6ab8fdb4b4390484fbdf11c5a59f3fac3c9b
